est;p_val;lower_bound;upper_bound;true_param
0.565406673;0.002016124;0.211782037;0.91903131;0.5
0.376986734;0.046890947;0.00528716;0.748686309;0.5
0.439194463;0.039122865;0.02237045;0.856018475;0.5
0.592269451;0.004185328;0.191483308;0.993055594;0.5
0.390992179;0.041595356;0.015189387;0.76679497;0.5
0.761031333;0.000303972;0.357882096;1.164180571;0.5
0.480667928;0.014626565;0.096934073;0.864401784;0.5
0.655947537;0.001353877;0.261356401;1.050538673;0.5
0.200316302;0.339128607;-0.21401735;0.614649954;0.5
0.137932001;0.491420565;-0.25841887;0.534282873;0.5
0.699396507;0.000191218;0.341431972;1.057361043;0.5
0.376685513;0.085257045;-0.053291741;0.806662767;0.5
0.337359094;0.084028067;-0.046192417;0.720910605;0.5
0.223624419;0.227254296;-0.141603281;0.588852119;0.5
0.537582012;0.006620832;0.153087644;0.922076379;0.5
0.550680956;0.00777571;0.148563521;0.95279839;0.5
0.322840396;0.096545725;-0.058982624;0.704663417;0.5
0.684449547;0.000980606;0.285023795;1.083875299;0.5
0.264591181;0.198089188;-0.140700831;0.669883193;0.5
0.812888206;4.56E-05;0.435403539;1.190372872;0.5
0.458758891;0.028745259;0.048639084;0.868878698;0.5
0.496250913;0.01286835;0.107627276;0.88487455;0.5
0.336574246;0.092015609;-0.055968689;0.72911718;0.5
0.252675063;0.168965317;-0.109169487;0.614519612;0.5
0.176562609;0.364646714;-0.208144167;0.561269386;0.5
0.486900716;0.022962753;0.068711855;0.905089576;0.5
0.320738803;0.115700574;-0.080292739;0.721770346;0.5
0.363253191;0.083986594;-0.049669586;0.776175969;0.5
0.847713808;9.37E-05;0.434904885;1.260522732;0.5
0.664458025;0.000315682;0.311395068;1.017520982;0.5
0.49851011;0.007515379;0.136119619;0.860900601;0.5
0.450497532;0.030911549;0.042268793;0.858726272;0.5
0.32922338;0.107261974;-0.072769255;0.731216016;0.5
0.372696971;0.05093198;-0.001540772;0.746934714;0.5
0.540043146;0.011753018;0.122644113;0.957442179;0.5
0.461482135;0.02454164;0.060527959;0.862436311;0.5
0.738162574;0.000189435;0.360620524;1.115704623;0.5
0.501903215;0.011842023;0.113595781;0.89021065;0.5
0.50303244;0.008381053;0.132109303;0.873955578;0.5
0.667868051;0.000365834;0.308903956;1.026832146;0.5
0.403055583;0.039577661;0.019615285;0.786495881;0.5
0.772722544;0.000130814;0.387967625;1.157477462;0.5
0.324957439;0.119305211;-0.085412589;0.735327467;0.5
0.740780537;0.001365594;0.294804164;1.186756909;0.5
0.443765189;0.024950335;0.057043812;0.830486567;0.5
0.506407578;0.019393513;0.083887753;0.928927403;0.5
0.482006616;0.029998513;0.047690173;0.916323058;0.5
0.455850592;0.036561526;0.029075267;0.882625917;0.5
0.485385993;0.050937811;-0.002020219;0.972792205;0.5
0.54621977;0.006902861;0.153693288;0.938746253;0.5
0.581962408;0.002283732;0.213529155;0.95039566;0.5
0.735159079;0.000674703;0.319805731;1.150512428;0.5
0.186064511;0.305537186;-0.17244036;0.544569381;0.5
0.238787207;0.241434675;-0.163345722;0.640920136;0.5
0.320922865;0.147898851;-0.115797439;0.757643169;0.5
0.310773565;0.102600856;-0.063523827;0.685070956;0.5
0.25774464;0.241618259;-0.176433287;0.691922567;0.5
0.556268807;0.011238305;0.129287329;0.983250285;0.5
0.692311323;0.00116765;0.282018482;1.102604164;0.5
0.600191418;0.000772425;0.257101116;0.943281721;0.5
0.411776695;0.060854869;-0.019143255;0.842696645;0.5
0.532937924;0.005575117;0.159821934;0.906053913;0.5
0.557656835;0.002710539;0.198049784;0.917263887;0.5
0.665740978;0.000432409;0.303151568;1.028330387;0.5
0.237597314;0.20838972;-0.134781404;0.609976033;0.5
0.176359381;0.38953784;-0.22861632;0.581335082;0.5
0.488612753;0.010550835;0.116726271;0.860499236;0.5
0.625250278;0.003052196;0.217023773;1.033476783;0.5
0.4482968;0.026910708;0.052316141;0.84427746;0.5
0.683288608;0.001988483;0.25653677;1.110040445;0.5
0.666526892;0.00086376;0.282312032;1.050741751;0.5
0.508585642;0.006228224;0.147608743;0.86956254;0.5
0.636826775;0.002444998;0.23056113;1.04309242;0.5
0.318026209;0.105436138;-0.068188496;0.704240914;0.5
0.530272502;0.015429119;0.103535402;0.957009603;0.5
0.470808351;0.026198045;0.056940506;0.884676195;0.5
0.356370711;0.066975247;-0.025406932;0.738148353;0.5
0.43905222;0.034560159;0.03257097;0.845533469;0.5
0.404407399;0.041359128;0.016172732;0.792642065;0.5
0.056565021;0.775823079;-0.336546199;0.449676241;0.5
0.705200756;0.000241783;0.337997113;1.0724044;0.5
0.244196431;0.220890287;-0.149214621;0.637607482;0.5
0.563478452;0.01003965;0.137574835;0.989382069;0.5
0.725100222;0.000340136;0.337890901;1.112309543;0.5
0.52968423;0.022154951;0.077546213;0.981822246;0.5
0.526843422;0.003999801;0.172264942;0.881421901;0.5
0.585117277;0.003132234;0.201916899;0.968317656;0.5
0.432352223;0.042886673;0.014149461;0.850554985;0.5
0.490625032;0.026075652;0.059822608;0.921427456;0.5
0.688363699;0.003822949;0.22786034;1.148867058;0.5
0.640656221;0.003473945;0.216330107;1.064982334;0.5
0.701671943;0.000311307;0.329234825;1.07410906;0.5
0.941234268;8.00E-06;0.545173947;1.337294589;0.5
0.44776111;0.026442154;0.053493292;0.842028928;0.5
0.635760117;0.000326885;0.297271636;0.974248598;0.5
0.509409888;0.014641129;0.102642941;0.916176834;0.5
0.286442158;0.184718347;-0.139111971;0.711996287;0.5
0.767657571;9.14E-05;0.394889053;1.140426089;0.5
0.769181945;0.000116498;0.389018724;1.149345165;0.5
0.592159921;0.004389633;0.189226256;0.995093586;0.5
0.411763958;0.042492269;0.014226177;0.809301739;0.5
0.078213452;0.68746825;-0.306599069;0.463025974;0.5
0.906202509;1.77E-05;0.508631381;1.303773636;0.5
0.547486344;0.014595756;0.110522066;0.984450621;0.5
0.49909032;0.012825686;0.108463415;0.889717225;0.5
0.6011744;0.001660239;0.232366488;0.969982313;0.5
0.521181037;0.0090172;0.133046971;0.909315104;0.5
0.195995928;0.292868358;-0.171797294;0.563789151;0.5
0.365664295;0.058750301;-0.013791464;0.745120053;0.5
0.850451099;0.000127423;0.427537046;1.273365153;0.5
0.562820115;0.003556848;0.189114454;0.936525777;0.5
0.168551237;0.335184461;-0.176834013;0.513936486;0.5
0.596525823;0.003126366;0.206084743;0.986966902;0.5
0.334903736;0.105782651;-0.072225718;0.742033191;0.5
0.545530374;0.006809277;0.154084851;0.936975896;0.5
0.765992547;0.001496336;0.301103099;1.230881996;0.5
0.650774354;0.002051139;0.243046438;1.05850227;0.5
0.863522395;0.000152456;0.428910739;1.298134051;0.5
-0.257161618;0.258699218;-0.70640103;0.192077794;0.5
0.510924844;0.013644205;0.107271187;0.914578501;0.5
0.566107068;0.009689659;0.140385065;0.991829071;0.5
0.378033414;0.044499181;0.009482804;0.746584024;0.5
0.667101504;0.00486678;0.207764655;1.126438352;0.5
0.763176782;0.000193778;0.372818202;1.153535361;0.5
0.291934525;0.215918929;-0.173216346;0.757085397;0.5
0.697322772;0.001005549;0.289261341;1.105384203;0.5
0.79515094;0.000181504;0.389845608;1.200456272;0.5
0.575700157;0.00448912;0.18302119;0.968379124;0.5
0.517522499;0.009451135;0.129602515;0.905442484;0.5
0.281488865;0.19209542;-0.143838501;0.70681623;0.5
0.21895995;0.232428542;-0.142668067;0.580587967;0.5
0.865570248;3.07E-05;0.473415571;1.257724924;0.5
0.348688173;0.102537088;-0.071186685;0.768563031;0.5
0.697609076;0.000211639;0.337974483;1.057243668;0.5
0.690039472;0.001150289;0.28125989;1.098819054;0.5
0.431490384;0.049105774;0.001724022;0.861256746;0.5
0.146655909;0.435610575;-0.225240678;0.518552496;0.5
0.702831512;0.001740326;0.26974144;1.135921583;0.5
0.499289864;0.028360849;0.054024467;0.94455526;0.5
0.580651625;0.006868104;0.163428935;0.997874314;0.5
0.694047404;0.001879974;0.26302186;1.125072947;0.5
0.658931797;0.001417392;0.260825715;1.057037879;0.5
0.670172845;0.000384972;0.308515158;1.031830532;0.5
0.421269288;0.026339702;0.050611401;0.791927174;0.5
0.596162623;0.009235947;0.150717519;1.041607726;0.5
0.533886213;0.006752405;0.151136201;0.916636225;0.5
0.190661888;0.327993306;-0.194222804;0.575546579;0.5
0.65060221;0.004504787;0.206654695;1.094549725;0.5
0.637088329;0.003156494;0.219429886;1.054746771;0.5
0.589663801;0.002910119;0.206498087;0.972829515;0.5
0.038906118;0.821531311;-0.302469868;0.380282103;0.5
0.826102434;0.000121562;0.41667943;1.235525438;0.5
0.323227267;0.112174233;-0.076988196;0.72344273;0.5
0.921523956;1.80E-05;0.516058961;1.326988951;0.5
0.699679534;0.001200265;0.283619502;1.115739567;0.5
0.45368634;0.017679736;0.080598795;0.826773885;0.5
0.551480619;0.009966982;0.135070607;0.967890631;0.5
0.444096801;0.026081124;0.054071338;0.834122263;0.5
0.214448367;0.275230488;-0.173870634;0.602767368;0.5
0.556058862;0.007949744;0.148933855;0.96318387;0.5
0.618180464;0.00129965;0.24813777;0.988223158;0.5
0.337290173;0.10202576;-0.068378769;0.742959114;0.5
0.317054501;0.099100175;-0.060850918;0.69495992;0.5
0.288732552;0.151716907;-0.107921305;0.685386409;0.5
0.60888733;0.004945902;0.188711788;1.029062872;0.5
0.625218212;0.002725406;0.22208399;1.028352435;0.5
0.207751608;0.28212084;-0.173479586;0.588982802;0.5
0.424678026;0.037197863;0.025739219;0.823616833;0.5
0.743420712;0.000160944;0.367685042;1.119156382;0.5
0.149586626;0.47726647;-0.266571001;0.565744253;0.5
0.723703861;0.000251087;0.345836409;1.101571313;0.5
0.385724826;0.023292097;0.053607169;0.717842482;0.5
0.525042275;0.013022283;0.113262284;0.936822266;0.5
0.448315294;0.031240635;0.041254441;0.855376146;0.5
0.406783054;0.090721595;-0.065729771;0.879295879;0.5
0.482965037;0.009561525;0.120370769;0.845559305;0.5
0.383334863;0.071800222;-0.034623953;0.801293679;0.5
0.55708836;0.010353545;0.134207329;0.979969392;0.5
0.679673806;0.002082477;0.253209211;1.106138401;0.5
0.423200878;0.040604567;0.01847038;0.827931376;0.5
0.845020983;3.42E-05;0.458968268;1.231073699;0.5
0.201331582;0.281198713;-0.167378576;0.57004174;0.5
0.731614467;0.001708506;0.281615045;1.18161389;0.5
0.429442584;0.026863951;0.050280771;0.808604398;0.5
0.674132593;0.000478955;0.303948358;1.044316829;0.5
0.481074722;0.021644673;0.07202576;0.890123685;0.5
0.64177608;0.002758227;0.227360485;1.056191675;0.5
0.308582908;0.121141227;-0.083085738;0.700251555;0.5
0.587073718;0.001529394;0.229794614;0.944352822;0.5
0.634541276;0.006478425;0.181945586;1.087136966;0.5
0.402706717;0.037245276;0.024310871;0.781102563;0.5
0.489557641;0.009458535;0.122571214;0.856544068;0.5
0.501672339;0.011534686;0.114998309;0.888346369;0.5
0.311706136;0.115919819;-0.078268722;0.701680994;0.5
0.30942838;0.112972242;-0.074541799;0.693398558;0.5
0.629737101;0.001967995;0.236912252;1.022561949;0.5
0.454594867;0.036642348;0.028806117;0.880383616;0.5
0.722947819;3.00E-05;0.395271103;1.050624534;0.5
0.483557488;0.020108377;0.077446165;0.88966881;0.5
0.663434335;0.003262426;0.226994792;1.099873879;0.5
0.866117186;1.37E-05;0.491432323;1.240802048;0.5
0.585465761;0.007580998;0.159396535;1.011534986;0.5
0.831856694;0.000255975;0.396977914;1.266735474;0.5
0.387661216;0.035406996;0.027062402;0.74826003;0.5
0.658561415;0.000841965;0.279222609;1.037900222;0.5
0.402130974;0.057019822;-0.012237518;0.816499466;0.5
0.529575095;0.010229209;0.128463219;0.930686971;0.5
0.466708628;0.020269027;0.074294;0.859123256;0.5
0.769656307;0.000197325;0.374829901;1.164482713;0.5
0.795666984;5.63E-05;0.420802085;1.170531883;0.5
0.656017006;0.001584439;0.255395124;1.056638888;0.5
0.244998747;0.263419534;-0.187301384;0.677298878;0.5
0.364350431;0.063508884;-0.02088773;0.749588593;0.5
0.573298696;0.00916344;0.145408822;1.001188571;0.5
0.702338458;0.001004336;0.291351073;1.113325844;0.5
0.379476603;0.069506758;-0.030863657;0.789816863;0.5
0.731527942;0.00036392;0.338538664;1.124517219;0.5
-0.010534781;0.954129089;-0.373264107;0.352194544;0.5
0.609655379;0.002136665;0.226144682;0.993166075;0.5
0.563693675;0.002684413;0.200550235;0.926837115;0.5
0.859055255;2.89E-05;0.470576646;1.247533864;0.5
0.922367364;1.24E-05;0.524973628;1.3197611;0.5
0.632169845;0.001631239;0.245176327;1.019163363;0.5
0.626628223;0.002835844;0.220758905;1.032497541;0.5
0.543592435;0.007701945;0.147210552;0.939974318;0.5
0.516629357;0.008712007;0.133644864;0.899613851;0.5
0.430082415;0.029976126;0.042581526;0.817583304;0.5
0.426859653;0.02556751;0.053268552;0.800450754;0.5
0.375025042;0.070850748;-0.032490027;0.782540111;0.5
0.588882717;0.006230653;0.170982982;1.006782452;0.5
0.50523625;0.014184272;0.103766721;0.906705778;0.5
0.45379101;0.027580254;0.051167924;0.856414097;0.5
0.680220382;0.000317076;0.318662465;1.041778298;0.5
0.328707527;0.134413688;-0.103539175;0.760954229;0.5
0.62570615;0.00298275;0.218072556;1.033339744;0.5
0.414552601;0.058687631;-0.015527046;0.844632247;0.5
0.944401313;2.85E-05;0.517760214;1.371042413;0.5
0.433606744;0.010114852;0.105560076;0.761653412;0.5
0.955192339;4.90E-07;0.603694761;1.306689917;0.5
0.621162962;0.003160695;0.213880694;1.028445229;0.5
0.636048874;0.005157803;0.194938673;1.077159075;0.5
0.495423772;0.012954755;0.107025001;0.883822543;0.5
0.317171891;0.115078025;-0.078713508;0.713057289;0.5
0.462603326;0.011173316;0.107640853;0.817565798;0.5
0.869282118;1.46E-05;0.492689114;1.245875122;0.5
0.305532101;0.159098966;-0.121804067;0.732868269;0.5
0.42866436;0.043754738;0.01224571;0.845083011;0.5
0.682627651;0.000256078;0.325658291;1.03959701;0.5
0.283581923;0.131625062;-0.086551785;0.653715631;0.5
0.040565238;0.852544009;-0.391396792;0.472527268;0.5
0.573530856;0.002927406;0.200647062;0.946414649;0.5
0.584312359;0.001825148;0.222695659;0.945929058;0.5
0.801424058;7.54E-05;0.417407531;1.185440584;0.5
0.768288232;0.00018548;0.376888623;1.159687842;0.5
0.160070957;0.354879262;-0.181660652;0.501802566;0.5
0.701427956;0.000877699;0.295893994;1.106961918;0.5
0.698383229;0.000460707;0.316086824;1.080679634;0.5
0.321063623;0.155920505;-0.124540093;0.76666734;0.5
1.009036981;3.48E-07;0.642961356;1.375112606;0.5
0.450085566;0.052091354;-0.004155478;0.904326609;0.5
0.381370711;0.077169051;-0.042365884;0.805107306;0.5
0.639506498;0.002411192;0.232450735;1.04656226;0.5
0.903514826;2.54E-06;0.544784257;1.262245394;0.5
0.520424175;0.006076134;0.152259251;0.888589098;0.5
0.676880835;0.000896616;0.285108474;1.068653197;0.5
0.188817248;0.313010362;-0.180743756;0.558378252;0.5
0.666547379;0.002441848;0.241532729;1.091562028;0.5
0.662527632;0.001658314;0.256178626;1.068876638;0.5
0.342558048;0.112829268;-0.082355779;0.767471876;0.5
0.516406921;0.010543395;0.123477349;0.909336493;0.5
0.562522661;0.007875793;0.151076693;0.97396863;0.5
0.604823092;0.006442111;0.173715702;1.035930482;0.5
0.376683331;0.028473086;0.040525997;0.712840665;0.5
0.554426336;0.009780265;0.136890045;0.971962627;0.5
0.531577219;0.02707603;0.061501331;1.001653107;0.5
0.73233916;0.000361877;0.339815504;1.124862815;0.5
0.706015721;0.000625397;0.309623793;1.102407649;0.5
0.646007722;0.00196814;0.243295022;1.048720421;0.5
0.635845182;0.000819303;0.270460251;1.001230112;0.5
0.394965899;0.041873327;0.014824856;0.775106942;0.5
0.419515042;0.027872913;0.046634902;0.792395182;0.5
0.464364082;0.03487268;0.033666803;0.895061361;0.5
0.392855218;0.060961665;-0.018423965;0.8041344;0.5
0.563877899;0.005750613;0.167610113;0.960145686;0.5
0.688329346;0.001471409;0.270979389;1.105679304;0.5
0.394862637;0.078142569;-0.045308414;0.835033689;0.5
0.228147797;0.187892733;-0.113271232;0.569566827;0.5
0.303372643;0.084078996;-0.041590854;0.648336141;0.5
0.583784701;0.00417835;0.18881218;0.978757221;0.5
0.632052554;0.002205928;0.233298452;1.030806656;0.5
0.424738673;0.029699481;0.042707953;0.806769393;0.5
0.559798591;0.008401064;0.146922855;0.972674328;0.5
0.547736748;0.008966913;0.140100037;0.95537346;0.5
0.471445952;0.026375325;0.056511682;0.886380223;0.5
0.48265046;0.022699409;0.068943219;0.896357702;0.5
0.583377056;0.002196467;0.215340533;0.951413579;0.5
0.615983454;0.004516407;0.195826395;1.036140513;0.5
0.469051237;0.017647211;0.08343844;0.854664034;0.5
0.619623859;0.000984278;0.257791079;0.981456639;0.5
0.541453988;0.022473568;0.078104017;1.00480396;0.5
0.293313501;0.152646975;-0.110500568;0.69712757;0.5
0.736469488;0.000231343;0.354256896;1.11868208;0.5
0.489026459;0.025404343;0.061498352;0.916554566;0.5
0.510737642;0.016241038;0.09633267;0.925142613;0.5
0.347467336;0.047477358;0.003943227;0.690991445;0.5
0.782521269;7.92E-05;0.405968114;1.159074424;0.5
0.590197821;0.002921566;0.206541019;0.973854624;0.5
0.504955034;0.007647698;0.137081476;0.872828593;0.5
0.306050628;0.110745066;-0.07134792;0.683449176;0.5
0.316415717;0.088325331;-0.048356428;0.681187861;0.5
0.70455996;0.000606683;0.310866514;1.098253407;0.5
0.648972958;0.002078639;0.241822784;1.056123132;0.5
0.383859928;0.040240356;0.017433573;0.750286282;0.5
0.575799702;0.003891806;0.189463473;0.96213593;0.5
0.627446476;0.000569604;0.278039388;0.976853564;0.5
0.498243288;0.00557845;0.14941928;0.847067297;0.5
0.605691141;0.001074486;0.24909398;0.962288302;0.5
0.342243261;0.076357841;-0.036941417;0.721427938;0.5
0.229325201;0.30749611;-0.214666367;0.673316768;0.5
0.662369041;0.001449693;0.261590992;1.06314709;0.5
0.565992012;0.005733175;0.168395827;0.963588197;0.5
0.341957149;0.083014645;-0.045532316;0.729446615;0.5
0.498851622;0.023577027;0.068416581;0.929286663;0.5
0.29553874;0.119266757;-0.077656172;0.668733653;0.5
0.466775301;0.005733058;0.138856046;0.794694557;0.5
0.745934843;0.000133464;0.373802055;1.11806763;0.5
0.609246928;0.005258086;0.185804878;1.032688977;0.5
0.258111324;0.1748594;-0.116728877;0.632951525;0.5
0.288162775;0.141371626;-0.097535734;0.673861283;0.5
0.401647308;0.028493382;0.043149066;0.76014555;0.5
0.607948028;0.006069533;0.177897297;1.037998759;0.5
0.348326737;0.086691491;-0.051187761;0.747841235;0.5
0.841724858;0.000139974;0.420368455;1.263081261;0.5
0.045685227;0.826113623;-0.365999835;0.457370288;0.5
0.374265185;0.093261842;-0.063972882;0.812503251;0.5
0.461639872;0.028008198;0.050889763;0.87238998;0.5
0.617907103;0.002427852;0.224003946;1.011810261;0.5
0.815299002;9.20E-06;0.469755826;1.160842178;0.5
0.083780451;0.688153063;-0.329231753;0.496792655;0.5
0.55663884;0.003081089;0.193138775;0.920138905;0.5
0.331849084;0.113082944;-0.080101683;0.743799851;0.5
0.332310738;0.103649475;-0.069148243;0.733769719;0.5
0.374034666;0.049725973;0.000456774;0.747612559;0.5
0.221875461;0.218629728;-0.133777494;0.577528415;0.5
0.700740497;0.000498995;0.314637099;1.086843896;0.5
0.582058144;0.004063465;0.189562187;0.974554101;0.5
0.605606989;0.003220722;0.207891911;1.003322068;0.5
0.34800514;0.045269741;0.007478183;0.688532098;0.5
0.357582456;0.068504693;-0.027665159;0.74283007;0.5
0.823021179;4.57E-05;0.440485053;1.205557304;0.5
0.644635271;0.001376754;0.256450741;1.032819801;0.5
0.966204108;9.22E-07;0.600456042;1.331952174;0.5
0.649859507;0.003069648;0.225109218;1.074609796;0.5
0.56736758;0.00351648;0.190939596;0.943795563;0.5
0.429194132;0.05367515;-0.00692134;0.865309605;0.5
0.490065403;0.019540021;0.080572814;0.899557992;0.5
0.417624478;0.059228865;-0.016587815;0.85183677;0.5
0.460550666;0.012770109;0.100256325;0.820845006;0.5
0.178232123;0.411645636;-0.250772492;0.607236738;0.5
0.536918115;0.007842647;0.144419652;0.929416579;0.5
0.442832191;0.016185743;0.083803056;0.801861326;0.5
0.54188749;0.017035961;0.098927915;0.984847064;0.5
0.875680045;1.33E-05;0.496910486;1.254449604;0.5
0.679694442;0.001834043;0.258760826;1.100628058;0.5
0.272501541;0.237363816;-0.182369838;0.72737292;0.5
0.391834106;0.07650131;-0.042508668;0.82617688;0.5
0.546772545;0.004841023;0.170442351;0.923102739;0.5
0.371585123;0.079541106;-0.044608344;0.787778589;0.5
0.39383528;0.050276581;-0.000484481;0.788155042;0.5
0.627155498;0.001644901;0.242759205;1.011551792;0.5
0.306045443;0.126460736;-0.088020186;0.700111072;0.5
0.855474394;1.23E-05;0.487040429;1.223908358;0.5
0.189752813;0.349756234;-0.21103249;0.590538115;0.5
0.383772332;0.09029035;-0.061409773;0.828954437;0.5
0.489145795;0.008571998;0.12731516;0.85097643;0.5
0.414721802;0.019944012;0.067042739;0.762400865;0.5
0.332332194;0.082343582;-0.043402481;0.70806687;0.5
0.635204822;0.003485212;0.214537723;1.055871922;0.5
0.613014453;0.001557803;0.239470555;0.98655835;0.5
0.654375112;0.001701392;0.252231719;1.056518504;0.5
0.406777535;0.058381553;-0.014712752;0.828267822;0.5
1.079621332;1.58E-06;0.660520691;1.498721973;0.5
0.438142721;0.030304457;0.042593946;0.833691495;0.5
0.561269756;0.01532241;0.109952672;1.01258684;0.5
0.502238553;0.011677945;0.114415494;0.890061611;0.5
0.198346732;0.367179877;-0.236124252;0.632817716;0.5
0.629776891;0.002028069;0.235663861;1.02388992;0.5
0.447750134;0.046225585;0.007644609;0.887855659;0.5
0.423939145;0.059539913;-0.017382039;0.86526033;0.5
0.531589795;0.018245205;0.092365994;0.970813597;0.5
0.603214352;0.001031619;0.249392751;0.957035953;0.5
0.295869154;0.161649421;-0.120488156;0.712226464;0.5
0.244429488;0.155771373;-0.094708579;0.583567554;0.5
0.375629708;0.065103091;-0.023956879;0.775216296;0.5
0.523686404;0.005836131;0.155234958;0.892137851;0.5
0.423236783;0.043669833;0.012268593;0.834204972;0.5
0.500240011;0.02020749;0.079784179;0.920695844;0.5
0.291910103;0.133164282;-0.090629739;0.674449944;0.5
0.732899039;0.000473157;0.331257917;1.13454016;0.5
0.552367511;0.008546256;0.143936578;0.960798445;0.5
0.515853679;0.012185574;0.11512801;0.916579348;0.5
0.477838016;0.015199336;0.094176273;0.86149976;0.5
0.711601081;0.000313517;0.33368973;1.089512432;0.5
0.679404519;0.00232531;0.248548852;1.110260186;0.5
0.382644048;0.07604823;-0.040861446;0.806149542;0.5
0.752991752;0.000509981;0.33733628;1.168647225;0.5
0.46106387;0.019840406;0.074734762;0.847392979;0.5
0.517247747;0.020945439;0.07987762;0.954617873;0.5
0.194102443;0.340247425;-0.207930643;0.59613553;0.5
0.346021437;0.102773758;-0.070967934;0.763010807;0.5
0.40969103;0.100891955;-0.081266675;0.900648734;0.5
0.226268825;0.225512915;-0.142136785;0.594674434;0.5
0.662805935;0.000930087;0.277650631;1.04796124;0.5
0.817219817;7.84E-06;0.473669748;1.160769886;0.5
0.590209024;0.006253351;0.171286084;1.009131965;0.5
0.918321911;3.54E-05;0.498226381;1.33841744;0.5
0.320553439;0.165229993;-0.13445072;0.775557597;0.5
0.552666464;0.004227874;0.178567135;0.926765792;0.5
0.341796195;0.097526731;-0.063645783;0.747238173;0.5
0.30643616;0.131125953;-0.093021913;0.705894233;0.5
0.77511026;0.000217878;0.374734164;1.175486357;0.5
0.609172288;0.001575726;0.237533091;0.980811485;0.5
0.473265193;0.023949186;0.063808156;0.88272223;0.5
0.084214477;0.702028142;-0.351332734;0.519761688;0.5
0.421648756;0.035087561;0.030107081;0.813190432;0.5
0.408055171;0.034781942;0.029788175;0.786322168;0.5
0.700702719;0.001340719;0.279618986;1.121786453;0.5
0.32529535;0.077755958;-0.03685154;0.68744224;0.5
-0.091659333;0.656651856;-0.499803459;0.316484793;0.5
0.780730074;6.64E-05;0.409108505;1.152351642;0.5
0.550858071;0.010854762;0.1300987;0.971617442;0.5
0.556012329;0.004284062;0.178856686;0.933167972;0.5
0.362366534;0.083586788;-0.049023192;0.773756261;0.5
0.257578684;0.112566462;-0.061700371;0.57685774;0.5
0.556165701;0.007007442;0.155699588;0.956631814;0.5
0.460809658;0.019470055;0.07585705;0.845762266;0.5
0.170182098;0.461396193;-0.28664209;0.627006286;0.5
0.582916335;0.010981203;0.136738687;1.029093983;0.5
0.705819141;0.001157206;0.287456869;1.124181413;0.5
0.732081808;0.000661233;0.319101968;1.145061647;0.5
0.279762362;0.15970758;-0.112107454;0.671632178;0.5
0.532801965;0.004292395;0.17124514;0.894358789;0.5
0.406157015;0.044822842;0.009578044;0.802735987;0.5
0.506132646;0.024106512;0.067799008;0.944466283;0.5
0.530745061;0.009714683;0.131415119;0.930075002;0.5
0.692241038;0.001078615;0.284602048;1.099880027;0.5
0.41819424;0.018379085;0.072135741;0.764252738;0.5
0.191635227;0.326616553;-0.194105529;0.577375983;0.5
0.903940958;8.74E-06;0.521964092;1.285917824;0.5
0.462493206;0.02811306;0.050709602;0.874276811;0.5
0.522258263;0.005990086;0.15351225;0.891004276;0.5
0.339607227;0.1028059;-0.069731197;0.74894565;0.5
0.391952986;0.042625431;0.013297691;0.770608282;0.5
0.161361557;0.410097631;-0.225788337;0.54851145;0.5
0.335628104;0.048815383;0.001778586;0.669477621;0.5
0.09659705;0.640644676;-0.31279285;0.50598695;0.5
0.440072568;0.032543887;0.03734021;0.842804925;0.5
0.547591626;0.011461367;0.12593035;0.969252901;0.5
0.34814762;0.069416446;-0.028197841;0.72449308;0.5
0.612449302;0.00445588;0.194991917;1.029906688;0.5
0.580889213;0.005503755;0.175009948;0.986768477;0.5
0.401681075;0.071366407;-0.035632775;0.838994925;0.5
0.302439374;0.095971653;-0.05462801;0.659506758;0.5
0.473536914;0.008484274;0.123735844;0.823337985;0.5
0.5164776;0.016292042;0.09721088;0.93574432;0.5
0.928506222;6.68E-06;0.541787154;1.315225291;0.5
0.405249405;0.048419772;0.00286951;0.807629301;0.5
0.344871496;0.091940076;-0.057289474;0.747032467;0.5
0.843353696;0.000107158;0.429327341;1.25738005;0.5
0.510074492;0.008160871;0.135324996;0.884823989;0.5
0.621164792;0.002866843;0.218294471;1.024035113;0.5
0.525453145;0.007898525;0.141031624;0.909874666;0.5
0.031355724;0.865842395;-0.336122748;0.398834197;0.5
0.327291357;0.106074382;-0.070908069;0.725490784;0.5
0.891944137;1.19E-05;0.508517202;1.275371072;0.5
0.244891058;0.211448317;-0.141477385;0.6312595;0.5
0.455106418;0.023452951;0.062774694;0.847438141;0.5
0.511093647;0.00834257;0.134395609;0.887791685;0.5
0.591029499;0.002152237;0.218968014;0.963090985;0.5
0.590505239;0.002808739;0.208537375;0.972473104;0.5
0.308541802;0.083643776;-0.041812125;0.658895728;0.5
0.59512153;0.00474634;0.186450914;1.003792146;0.5
0.729961818;9.43E-05;0.374536582;1.085387054;0.5
0.49773514;0.01891209;0.083924554;0.911545727;0.5
0.33965311;0.088986448;-0.052731184;0.732037403;0.5
0.722307211;0.00016974;0.356648544;1.087965878;0.5
0.335861134;0.09633952;-0.061110617;0.732832885;0.5
0.369036728;0.063210909;-0.020707065;0.758780521;0.5
0.753522783;0.000312095;0.353489191;1.153556375;0.5
0.916458355;1.05E-05;0.525030015;1.307886696;0.5
0.650934361;0.001523248;0.255179847;1.046688875;0.5
0.729695447;0.000293271;0.344202153;1.115188741;0.5
0.393488104;0.057226733;-0.012318596;0.799294804;0.5
0.384626071;0.055626134;-0.009431088;0.778683231;0.5
0.370293967;0.048617864;0.002292545;0.738295388;0.5
0.203148284;0.3424313;-0.219432491;0.625729058;0.5
0.052107074;0.79548031;-0.345824752;0.4500389;0.5
0.628350956;0.000698984;0.272478962;0.984222949;0.5
0.440312123;0.042027929;0.016213575;0.86441067;0.5
0.325383451;0.11771757;-0.08373558;0.734502483;0.5
0.807979206;2.35E-05;0.447393653;1.168564758;0.5
0.610427743;0.005488207;0.183891257;1.036964229;0.5
0.590821202;0.000616062;0.259725761;0.921916643;0.5
0.556877656;0.011208822;0.129385202;0.984370109;0.5
0.64607508;0.000434714;0.294416708;0.997733452;0.5
0.361124133;0.098174567;-0.068148602;0.790396867;0.5
0.335076983;0.073129476;-0.032001252;0.702155218;0.5
0.545261853;0.003666358;0.181803094;0.908720612;0.5
0.100991846;0.618136985;-0.300044515;0.502028207;0.5
0.596810426;0.005842958;0.176581277;1.017039576;0.5
0.716475237;0.000674705;0.312129195;1.120821278;0.5
0.756934992;0.000516707;0.33928626;1.174583725;0.5
0.572543628;0.003670523;0.190903856;0.954183399;0.5
0.78954594;0.000263658;0.375796659;1.203295222;0.5
0.373669429;0.066244426;-0.025544959;0.772883818;0.5
0.731484755;0.000168791;0.360590249;1.102379262;0.5
0.265362466;0.268861261;-0.208207364;0.738932296;0.5
0.439319799;0.048490931;0.00297115;0.875668448;0.5
0.150209194;0.455336667;-0.247492361;0.547910749;0.5
0.228064371;0.215393043;-0.134906368;0.591035111;0.5
0.347896057;0.076183735;-0.037318326;0.733110439;0.5
0.747024373;0.00035442;0.346550326;1.147498419;0.5
0.644335928;0.000549616;0.286568916;1.002102939;0.5
0.446746982;0.024961515;0.057391738;0.836102225;0.5
0.345942647;0.109459696;-0.079062176;0.770947471;0.5
0.543543015;0.006031025;0.159374651;0.927711379;0.5
0.476889994;0.022479912;0.068770665;0.885009324;0.5
0.423382326;0.021447592;0.063954633;0.782810019;0.5
0.894918304;2.65E-06;0.538863253;1.250973355;0.5
0.361287827;0.051047064;-0.001677421;0.724253075;0.5
0.458481048;0.020337978;0.072714557;0.84424754;0.5
0.527349433;0.003884903;0.173521757;0.881177109;0.5
0.715412223;0.001666575;0.277062674;1.153761773;0.5
0.151513503;0.406969282;-0.20955025;0.512577256;0.5
0.359334833;0.086472993;-0.052453432;0.771123099;0.5
0.535084644;0.01368881;0.112257905;0.957911382;0.5
0.455882531;0.018202766;0.079202231;0.832562832;0.5
0.48073657;0.052636671;-0.00558504;0.96705818;0.5
0.21229135;0.255187142;-0.155792171;0.580374872;0.5
0.397218768;0.045903298;0.007371327;0.78706621;0.5
0.215470298;0.338703946;-0.229437748;0.660378344;0.5
0.446243167;0.024092986;0.059791836;0.832694497;0.5
0.663415811;0.000816463;0.28328323;1.043548393;0.5
0.381178652;0.034582261;0.028223536;0.734133768;0.5
0.756598331;0.000591587;0.333786522;1.17941014;0.5
0.365599192;0.031724534;0.032649444;0.69854894;0.5
0.371609884;0.112401205;-0.088824664;0.832044433;0.5
0.87032662;9.82E-05;0.445102857;1.295550383;0.5
0.567203261;0.010162908;0.137852514;0.996554008;0.5
0.473936448;0.016546185;0.088269241;0.859603655;0.5
0.884224001;0.000112809;0.448415772;1.32003223;0.5
0.482026642;0.016765425;0.089054896;0.874998387;0.5
0.502097921;0.012657057;0.109813389;0.894382453;0.5
0.911832457;1.68E-05;0.512684149;1.310980766;0.5
0.36638524;0.049779223;0.000360397;0.732410083;0.5
0.349774162;0.053394443;-0.005220516;0.704768841;0.5
0.386474451;0.065667482;-0.025530671;0.798479574;0.5
0.719431071;0.000284144;0.340270263;1.09859188;0.5
0.760115265;0.000769428;0.325848803;1.194381726;0.5
0.576251113;0.008012628;0.153795605;0.998706621;0.5
0.277171844;0.149196161;-0.101182032;0.655525721;0.5
0.774073101;0.000153853;0.384560059;1.163586144;0.5
0.209951823;0.321145407;-0.207886413;0.627790059;0.5
0.704888411;0.000390144;0.324179782;1.08559704;0.5
0.696018047;0.00012591;0.350236709;1.041799384;0.5
0.310897236;0.104599852;-0.065742388;0.687536861;0.5
0.488949907;0.012184118;0.109101992;0.868797823;0.5
0.614762395;0.003346239;0.209924861;1.019599929;0.5
0.523732143;0.010689798;0.124417889;0.923046397;0.5
0.677624412;0.001218939;0.275044914;1.080203911;0.5
0.888635277;1.43E-06;0.545287845;1.231982708;0.5
0.558230738;0.008369179;0.146640469;0.969821008;0.5
0.758426388;0.000377529;0.349776157;1.167076619;0.5
0.590070698;0.001017758;0.244368263;0.935773133;0.5
0.306398429;0.136890167;-0.099024402;0.71182126;0.5
0.640137354;0.002757765;0.226621403;1.053653304;0.5
0.31687341;0.090499574;-0.050940769;0.684687588;0.5
0.40155301;0.049567247;0.000775267;0.802330752;0.5
0.929932323;2.89E-06;0.558450316;1.30141433;0.5
0.341025979;0.07303116;-0.032438544;0.714490503;0.5
0.519834972;0.014888208;0.103685375;0.93598457;0.5
0.429297566;0.024436738;0.056548506;0.802046626;0.5
0.246690269;0.187789028;-0.122490019;0.615870558;0.5
0.508098435;0.011164258;0.118568891;0.897627979;0.5
0.448686671;0.030854119;0.042216703;0.855156639;0.5
0.395852029;0.05758616;-0.012992362;0.80469642;0.5
0.482309319;0.019763484;0.078484945;0.886133694;0.5
0.861899542;3.59E-05;0.467326138;1.256472946;0.5
0.694003614;0.000937313;0.290507605;1.097499623;0.5
0.532104575;0.005709096;0.158482626;0.905726523;0.5
0.387364233;0.06560265;-0.025482715;0.800211182;0.5
0.037851668;0.855021585;-0.372262188;0.447965524;0.5
0.331057886;0.104759194;-0.07018699;0.732302762;0.5
0.066236169;0.734399865;-0.320114026;0.452586364;0.5
0.633241787;0.004288059;0.203533717;1.062949857;0.5
0.294705396;0.174935147;-0.133324466;0.722735259;0.5
0.404442459;0.026403145;0.048421644;0.760463274;0.5
0.543913924;0.009223914;0.137613742;0.950214106;0.5
0.446408179;0.019848937;0.072330303;0.820486055;0.5
0.288517214;0.15077172;-0.106871919;0.683906347;0.5
0.217603627;0.315090812;-0.210248392;0.645455645;0.5
0.794062413;0.000116099;0.401745835;1.186378991;0.5
-0.057406569;0.776471508;-0.457649144;0.342836006;0.5
0.707758994;0.000545072;0.315417777;1.100100211;0.5
0.466787122;0.021907783;0.069072334;0.86450191;0.5
0.813194683;0.000394461;0.373514301;1.252875066;0.5
0.447511056;0.016768614;0.082566342;0.81245577;0.5
0.30527331;0.14282705;-0.104861746;0.715408366;0.5
0.476491859;0.012296098;0.105826682;0.847157036;0.5
0.402093496;0.030068768;0.039697625;0.764489368;0.5
0.769896657;0.000107168;0.391746951;1.148046363;0.5
0.828979754;1.28E-05;0.471261594;1.186697913;0.5
0.474839166;0.029251517;0.048946856;0.900731476;0.5
0.594499736;0.001840296;0.226072969;0.962926504;0.5
0.679909381;0.000433211;0.31002155;1.049797212;0.5
0.329772999;0.134300906;-0.103689557;0.763235555;0.5
0.446909477;0.024891428;0.057608147;0.836210807;0.5
0.57104541;0.001465049;0.225114332;0.916976488;0.5
0.352313757;0.043572559;0.010369094;0.694258419;0.5
0.571165542;0.005752159;0.169810187;0.972520897;0.5
0.621694196;0.002078939;0.231694259;1.011694133;0.5
0.214777811;0.235362158;-0.142192693;0.571748315;0.5
0.381422325;0.023052988;0.053607399;0.709237252;0.5
0.752621508;0.000149252;0.374385997;1.130857018;0.5
0.410887714;0.039208789;0.020746684;0.801028743;0.5
0.821091151;3.29E-05;0.447142786;1.195039516;0.5
0.655126902;0.003907694;0.215319163;1.094934641;0.5
0.608583806;0.004233703;0.19630792;1.020859692;0.5
0.294900016;0.147983846;-0.106469941;0.696269973;0.5
0.64871829;0.002105511;0.241248562;1.056188018;0.5
0.5185564;0.021855324;0.076915876;0.960196924;0.5
0.310677147;0.103533961;-0.064512883;0.685867178;0.5
0.649722782;0.000390705;0.298756848;1.000688717;0.5
-0.061135085;0.755460225;-0.449789146;0.327518977;0.5
0.564731748;0.005592835;0.169233775;0.960229721;0.5
0.844224291;6.95E-05;0.441289742;1.24715884;0.5
0.777759259;0.000340359;0.362115187;1.193403332;0.5
0.680231849;0.001617549;0.26399538;1.096468318;0.5
0.553742566;0.007399538;0.152017006;0.955468125;0.5
0.022155974;0.912069739;-0.375047442;0.419359389;0.5
0.09021353;0.674376488;-0.334610628;0.515037689;0.5
0.582327683;0.00524932;0.177727793;0.986927573;0.5
0.474803884;0.022903346;0.067253563;0.882354205;0.5
0.501891251;0.017322078;0.090499599;0.913282903;0.5
0.754013196;0.000419555;0.344322299;1.163704093;0.5
0.59904523;0.004762742;0.187990905;1.010099555;0.5
0.460241522;0.018411844;0.079310605;0.841172439;0.5
0.408095471;0.05916959;-0.016102989;0.83229393;0.5
0.685453127;0.000916583;0.287878156;1.083028097;0.5
0.703899468;0.001092352;0.28886653;1.118932406;0.5
0.563750679;0.002536922;0.202894989;0.924606368;0.5
0.582171792;0.005726922;0.173547021;0.990796564;0.5
0.259157384;0.268006645;-0.202712152;0.72102692;0.5
0.550320698;0.004633171;0.173496802;0.927144595;0.5
0.584603481;0.005458889;0.176375189;0.992831773;0.5
0.629943218;0.002716238;0.223594779;1.036291656;0.5
0.46876293;0.010054268;0.114419224;0.823106635;0.5
0.095210105;0.571047712;-0.237274391;0.4276946;0.5
0.334219603;0.101365602;-0.066862163;0.735301369;0.5
0.614964268;0.002335646;0.224526743;1.005401793;0.5
0.483323765;0.035808613;0.032756773;0.933890756;0.5
0.163660228;0.414505387;-0.232665999;0.559986456;0.5
0.54589328;0.00305274;0.189317775;0.902468784;0.5
0.323014916;0.102633451;-0.066045481;0.712075313;0.5
0.639507476;0.001753115;0.245131248;1.033883705;0.5
0.680797748;6.24E-05;0.358109216;1.003486279;0.5
0.086766065;0.671431179;-0.317982319;0.491514449;0.5
0.586905312;0.009278708;0.148088339;1.025722285;0.5
0.424740596;0.020014859;0.068397013;0.78108418;0.5
0.75713523;0.000516433;0.338759455;1.175511006;0.5
0.218414034;0.27223408;-0.174143196;0.610971264;0.5
0.554887203;0.005572768;0.16652193;0.943252476;0.5
0.317474101;0.162678911;-0.130450241;0.765398444;0.5
-0.076940629;0.705618779;-0.479978317;0.326097059;0.5
0.313642959;0.124080657;-0.087608602;0.71489452;0.5
0.366741369;0.077176203;-0.040733546;0.774216284;0.5
0.546891487;0.003063654;0.189515456;0.904267518;0.5
0.527539573;0.007265919;0.145704323;0.909374823;0.5
0.274872236;0.166806834;-0.116745197;0.66648967;0.5
0.409123893;0.025963725;0.050066645;0.768181141;0.5
0.655049403;0.001730178;0.25158171;1.058517096;0.5
0.185728501;0.347334721;-0.204688469;0.57614547;0.5
0.475597025;0.039569364;0.023192456;0.928001594;0.5
0.581385924;0.008008473;0.155202353;1.007569496;0.5
0.410509456;0.043100503;0.013003919;0.808014993;0.5
0.620763882;0.008227205;0.164088529;1.077439234;0.5
0.616142889;0.001637484;0.2387145;0.993571279;0.5
0.356738412;0.069711174;-0.029302515;0.74277934;0.5
0.539078476;0.004240064;0.173736022;0.904420931;0.5
0.304184371;0.172388751;-0.134971221;0.743339963;0.5
0.809371148;6.36E-05;0.425175523;1.193566773;0.5
0.965497553;1.64E-05;0.542985882;1.388009225;0.5
0.343500969;0.056867774;-0.010234887;0.697236826;0.5
0.645880276;0.002624803;0.230787425;1.060973128;0.5
0.400683717;0.031080582;0.037214279;0.764153155;0.5
0.447567868;0.029862028;0.044611338;0.850524397;0.5
0.346905997;0.055035348;-0.007626467;0.701438461;0.5
0.655811313;0.001231308;0.264885221;1.046737405;0.5
0.563278847;0.005027717;0.173815866;0.952741827;0.5
0.227460119;0.22380612;-0.141298514;0.596218751;0.5
0.498500527;0.028453059;0.053681018;0.943320036;0.5
0.236041577;0.195372398;-0.123242079;0.595325234;0.5
0.66761876;0.000679946;0.29029799;1.04493953;0.5
0.730776732;0.000460319;0.33077555;1.130777914;0.5
0.510562967;0.005302879;0.155528024;0.86559791;0.5
0.489916341;0.006892604;0.137707374;0.842125308;0.5
0.419220256;0.019088935;0.070172387;0.768268126;0.5
0.306728517;0.171413464;-0.135127717;0.748584751;0.5
0.86564269;0.000105219;0.440743743;1.290541637;0.5
0.15793129;0.413807892;-0.223951635;0.539814215;0.5
0.612664996;0.007613662;0.166515331;1.058814662;0.5
0.315594437;0.102522386;-0.064399197;0.695588071;0.5
0.575557853;0.002347912;0.21034919;0.940766516;0.5
0.91090449;1.88E-05;0.509575837;1.312233142;0.5
0.579641327;0.005246989;0.176894734;0.982387921;0.5
0.529699388;0.006855382;0.149248072;0.910150704;0.5
0.624945326;0.001757414;0.239427766;1.010462886;0.5
0.592616717;0.002035697;0.22195207;0.963281364;0.5
0.746148708;0.000368635;0.344929174;1.147368242;0.5
0.271374386;0.179197694;-0.126695506;0.669444278;0.5
0.503559307;0.005529788;0.151359477;0.855759138;0.5
0.658496152;0.004248251;0.212163091;1.104829212;0.5
0.213532575;0.295488315;-0.189355511;0.616420661;0.5
0.214212575;0.260331337;-0.161556493;0.589981642;0.5
0.423306261;0.023851451;0.057315395;0.789297127;0.5
0.578713061;0.002041538;0.216369317;0.941056806;0.5
0.463104271;0.021086257;0.071080087;0.855128454;0.5
0.352693104;0.072974764;-0.033500224;0.738886432;0.5
0.239147018;0.278304581;-0.196175204;0.674469239;0.5
0.52287068;0.002187882;0.193164295;0.852577065;0.5
0.424481528;0.048923335;0.002044001;0.846919056;0.5
0.515716823;0.017385371;0.092729176;0.938704469;0.5
0.388176042;0.0498187;0.000313596;0.776038489;0.5
0.782980856;0.000182734;0.38360761;1.182354102;0.5
0.553921603;0.003112165;0.191357378;0.916485828;0.5
0.694929474;0.000767371;0.297974651;1.091884297;0.5
0.58659911;0.0039766;0.192063338;0.981134882;0.5
0.851472906;1.05E-05;0.487940555;1.215005258;0.5
0.270432588;0.215794713;-0.160355158;0.701220334;0.5
0.451270106;0.022209315;0.065905187;0.836635025;0.5
0.563737733;0.00220539;0.208028924;0.919446542;0.5
0.434173246;0.037001879;0.026734693;0.841611799;0.5
0.282612378;0.16336468;-0.116951238;0.682175993;0.5
0.577093596;0.004672838;0.181525715;0.972661478;0.5
0.692600118;0.000106252;0.352905303;1.032294934;0.5
0.528436469;0.008515128;0.137986921;0.918886016;0.5
0.759563039;0.000324623;0.3551054;1.164020677;0.5
0.327506077;0.159599863;-0.131195751;0.786207904;0.5
0.604916028;0.002477285;0.218817581;0.991014475;0.5
0.521022185;0.012703413;0.113858041;0.928186328;0.5
0.255051867;0.199505155;-0.136839719;0.646943453;0.5
0.436583182;0.022833407;0.061969037;0.811197328;0.5
0.115452171;0.566546636;-0.28298003;0.513884372;0.5
0.177159735;0.385946533;-0.226534499;0.580853969;0.5
0.493674236;0.007365518;0.135742284;0.851606187;0.5
0.585861977;0.003599506;0.196155057;0.975568898;0.5
0.804114412;7.52E-05;0.418124216;1.190104608;0.5
0.474232646;0.018116141;0.082698125;0.865767167;0.5
0.564927141;0.00262277;0.201887071;0.927967212;0.5
0.169554798;0.413856344;-0.24066259;0.579772186;0.5
0.462835446;0.032274848;0.039951622;0.885719271;0.5
0.679639535;0.000871621;0.286966298;1.072312772;0.5
0.69372712;0.000235078;0.333273302;1.054180939;0.5
0.514427779;0.006978762;0.144128461;0.884727096;0.5
0.553222244;0.010383093;0.133249351;0.973195137;0.5
0.300680937;0.181477937;-0.142871665;0.74423354;0.5
0.481694777;0.05153597;-0.003273782;0.966663336;0.5
0.464385207;0.02095085;0.071693612;0.857076802;0.5
0.5792822;0.004747434;0.181475928;0.977088472;0.5
0.590602364;0.002980796;0.205815394;0.975389335;0.5
0.581523962;0.005255365;0.177309494;0.985738429;0.5
0.135759482;0.522799227;-0.284663731;0.556182696;0.5
0.827017593;7.58E-05;0.431767483;1.222267704;0.5
0.558901298;0.001741512;0.214424239;0.903378356;0.5
0.86374996;0.000116241;0.437336417;1.290163502;0.5
0.585182645;0.001992349;0.219690658;0.950674633;0.5
0.498534951;0.007896871;0.133762414;0.863307487;0.5
0.827384746;5.18E-05;0.439729957;1.215039536;0.5
0.470379466;0.010848898;0.11101689;0.829742042;0.5
0.208601973;0.286930517;-0.178026156;0.595230102;0.5
0.163441569;0.402900745;-0.2226401;0.549523238;0.5
0.621814353;0.004968612;0.19248146;1.051147246;0.5
0.314489028;0.166676727;-0.133440808;0.762418864;0.5
0.685574915;0.003280545;0.234214563;1.136935268;0.5
0.284340748;0.122486444;-0.077889609;0.646571106;0.5
0.321822599;0.149822535;-0.11821273;0.761857927;0.5
0.49140013;0.011361596;0.1134494;0.86935086;0.5
0.319771605;0.107297994;-0.070663317;0.710206527;0.5
0.63944903;0.002514133;0.230610706;1.048287354;0.5
0.691873847;0.000635004;0.303241618;1.080506076;0.5
0.657001374;0.00200601;0.246378337;1.067624411;0.5
0.490439536;0.015991327;0.093490014;0.887389058;0.5
0.793642374;7.20E-05;0.413882349;1.173402399;0.5
0.580641951;0.00284925;0.204473505;0.956810397;0.5
1.045959688;7.83E-07;0.653085403;1.438833973;0.5
0.698588291;0.002965529;0.244343126;1.152833456;0.5
0.650527445;0.000915687;0.273112707;1.027942182;0.5
0.823250649;2.72E-05;0.452264564;1.194236735;0.5
0.481785295;0.042129827;0.017480922;0.946089669;0.5
0.359997495;0.070280933;-0.030377572;0.750372561;0.5
0.59077662;0.004857122;0.184047224;0.997506016;0.5
0.60914606;0.002370281;0.22185091;0.996441211;0.5
0.988039091;2.29E-06;0.597773168;1.378305014;0.5
0.599591199;0.004649004;0.188866863;1.010315535;0.5
0.623379575;0.00078864;0.266557817;0.980201333;0.5
0.787828613;7.91E-05;0.408696804;1.166960422;0.5
0.891562877;8.50E-05;0.460135663;1.322990091;0.5
0.69104331;0.000773904;0.295930828;1.086155792;0.5
0.63934922;0.001649509;0.247371408;1.031327032;0.5
0.580525373;0.0059366;0.170938876;0.990111869;0.5
0.327568294;0.120343504;-0.087280546;0.742417134;0.5
0.2504865;0.237400108;-0.167737066;0.668710067;0.5
0.08282128;0.701243904;-0.344337477;0.509980037;0.5
0.321331096;0.117222128;-0.082141215;0.724803407;0.5
0.47709477;0.010485055;0.114354654;0.839834885;0.5
0.805361417;1.07E-05;0.46196411;1.148758724;0.5
0.357039494;0.112254861;-0.085131027;0.799210016;0.5
0.432799288;0.022046344;0.063644577;0.801953998;0.5
0.533449598;0.006195015;0.155123658;0.911775539;0.5
0.346687213;0.058035465;-0.012045051;0.705419477;0.5
0.519506578;0.011439972;0.119580815;0.919432341;0.5
0.911701723;2.79E-05;0.50019837;1.323205076;0.5
0.504996095;0.018646101;0.086118876;0.923873315;0.5
0.70933893;0.000570492;0.314151063;1.104526797;0.5
0.453251313;0.012638235;0.099303612;0.807199015;0.5
0.666861656;0.000833488;0.283099358;1.050623954;0.5
0.562204561;0.009518191;0.140414151;0.983994972;0.5
0.333398545;0.097533117;-0.062120443;0.728917534;0.5
0.57523853;0.004968332;0.178065096;0.972411965;0.5
0.429755348;0.020615133;0.067355173;0.792155524;0.5
0.816411391;4.28E-05;0.438687916;1.194134865;0.5
0.852811364;2.58E-05;0.469720179;1.23590255;0.5
0.359891422;0.045936406;0.00662589;0.713156954;0.5
0.7394277;0.000418059;0.337790354;1.141065047;0.5
0.401251561;0.046864644;0.005676503;0.796826619;0.5
0.584399795;0.006023616;0.171359771;0.997439818;0.5
0.447471819;0.030329408;0.04341581;0.851527828;0.5
0.552221675;0.003243453;0.18910661;0.915336741;0.5
0.647070665;0.002265317;0.237586551;1.056554779;0.5
0.675161802;0.002281464;0.247564099;1.102759505;0.5
0.4960896;0.022840237;0.070378345;0.921800855;0.5
0.447375722;0.038846884;0.023389515;0.871361929;0.5
0.580221945;0.002202532;0.214103663;0.946340227;0.5
0.420352343;0.018662235;0.071741242;0.768963443;0.5
0.598029776;0.007591417;0.162708154;1.033351398;0.5
0.045569645;0.815909828;-0.341908682;0.433047973;0.5
0.816227837;7.86E-05;0.423700214;1.20875546;0.5
0.747420293;0.000274181;0.354561551;1.140279034;0.5
0.376565078;0.053633383;-0.006005248;0.759135404;0.5
0.799214845;0.00010536;0.406886967;1.191542724;0.5
0.419776789;0.047391215;0.004929134;0.834624445;0.5
0.600870238;0.004682955;0.188941779;1.012798696;0.5
0.277629209;0.126412743;-0.079937067;0.635195486;0.5
0.274765358;0.219179466;-0.166185393;0.715716108;0.5
0.689887544;0.000126211;0.347092761;1.032682327;0.5
0.024280429;0.899520045;-0.356806639;0.405367496;0.5
0.420282731;0.041006358;0.017521539;0.823043923;0.5
0.55578546;0.021953989;0.082067924;1.029502996;0.5
0.509793031;0.009848307;0.12553758;0.894048481;0.5
0.499083709;0.012162639;0.111454876;0.886712543;0.5
0.830216057;0.000300178;0.39117289;1.269259225;0.5
0.460177509;0.028449349;0.049549707;0.870805311;0.5
0.440288735;0.02378526;0.059812048;0.820765421;0.5
0.232272046;0.15689705;-0.090849987;0.555394079;0.5
0.652366456;0.002384181;0.237382463;1.067350449;0.5
0.23646393;0.262307119;-0.179756091;0.65268395;0.5
0.696731542;0.000144683;0.34717598;1.046287104;0.5
0.66075751;0.000909334;0.277549135;1.043965886;0.5
0.263347746;0.186045165;-0.129084942;0.655780434;0.5
0.559190197;0.003148972;0.192683702;0.925696692;0.5
0.178593236;0.316960764;-0.17379385;0.530980321;0.5
0.267373028;0.164239717;-0.111230923;0.645976979;0.5
0.787121077;1.80E-05;0.440797544;1.133444611;0.5
0.5223632;0.013075135;0.112347678;0.932378721;0.5
0.477074657;0.015064382;0.094506105;0.859643209;0.5
0.782477124;8.13E-05;0.404966643;1.159987605;0.5
0.480197754;0.011113897;0.112192999;0.848202508;0.5
0.526818844;0.012204399;0.117423303;0.936214384;0.5
0.477401673;0.008887829;0.1226851;0.832118245;0.5
0.288153769;0.13960191;-0.095790095;0.672097633;0.5
0.342990159;0.092825694;-0.058078792;0.74405911;0.5
0.39335962;0.074038617;-0.038990573;0.825709813;0.5
0.432652505;0.040439473;0.01922883;0.84607618;0.5
0.819753924;0.0001072;0.41731417;1.222193677;0.5
0.635868331;0.001954565;0.239657885;1.032078778;0.5
0.823917259;0.000833246;0.34990096;1.297933558;0.5
0.5455014;0.008276783;0.143957933;0.947044867;0.5
0.599166365;0.003817868;0.197964817;1.000367913;0.5
0.611448173;0.004101841;0.199083857;1.023812489;0.5
0.220653108;0.259041791;-0.165063499;0.606369715;0.5
0.71679889;0.001164536;0.292129671;1.141468108;0.5
0.429949041;0.040713239;0.018539278;0.841358805;0.5
0.547720382;0.00223175;0.201636394;0.893804371;0.5
0.370241794;0.07108722;-0.032410423;0.77289401;0.5
0.549588987;0.017142658;0.099850833;0.999327141;0.5
0.263261892;0.18693803;-0.129901577;0.656425362;0.5
0.637789629;0.002552263;0.229221927;1.04635733;0.5
0.719031551;0.004153143;0.233221729;1.204841374;0.5
0.649309357;0.000858614;0.274636833;1.023981882;0.5
0.489272274;0.004527616;0.155180762;0.823363787;0.5
0.636686172;0.0016642;0.246055155;1.027317188;0.5
0.580976161;0.004215723;0.187525398;0.974426924;0.5
-0.144079539;0.474543054;-0.542471949;0.254312872;0.5
0.765095299;0.000139749;0.382402446;1.147788151;0.5
0.787331386;0.000102592;0.40234286;1.172319912;0.5
0.404293849;0.03617662;0.026586756;0.782000942;0.5
0.198467513;0.348910934;-0.220022315;0.616957341;0.5
0.542076785;0.003409513;0.183662245;0.900491325;0.5
0.249323268;0.229102758;-0.159507637;0.658154174;0.5
0.39392931;0.047838726;0.00382476;0.78403386;0.5
0.48788205;0.017204689;0.088393127;0.887370974;0.5
0.359923002;0.116685989;-0.091338028;0.811184032;0.5
0.373517054;0.057377853;-0.01193189;0.758965999;0.5
0.855239199;9.46E-05;0.438524018;1.27195438;0.5
0.178991627;0.343189043;-0.193950079;0.551933334;0.5
0.373193003;0.05387216;-0.00633647;0.752722476;0.5
0.258438874;0.254236275;-0.188852604;0.705730353;0.5
0.600925517;0.004015775;0.19623243;1.005618604;0.5
0.56662967;0.006461344;0.162641574;0.970617766;0.5
0.710989027;0.000118932;0.359128094;1.06284996;0.5
0.41399915;0.027084789;0.047879407;0.780118892;0.5
0.257146922;0.203586026;-0.14158151;0.655875353;0.5
0.271915693;0.198017288;-0.144530388;0.688361775;0.5
0.36135744;0.033609069;0.028602541;0.694112339;0.5
0.284187528;0.149116853;-0.103735223;0.672110279;0.5
0.538077435;0.010229741;0.130343358;0.945811512;0.5
0.771522207;0.000139876;0.385720224;1.15732419;0.5
0.676079926;0.002182862;0.24981321;1.102346642;0.5
0.191396324;0.345891734;-0.20968608;0.592478728;0.5
0.679155376;0.000986075;0.282402041;1.075908711;0.5
0.539394664;0.012072365;0.120922043;0.957867284;0.5
0.5607151;0.003605374;0.187661534;0.933768666;0.5
0.398449387;0.053250945;-0.005696307;0.802595081;0.5
0.339782637;0.07688158;-0.037388726;0.716954001;0.5
0.3597406;0.07082383;-0.031119122;0.750600321;0.5
0.127419681;0.515322661;-0.259846898;0.51468626;0.5
0.539911363;0.009365962;0.135728524;0.944094203;0.5
0.32922891;0.085947295;-0.047421026;0.705878846;0.5
0.690588857;0.000253676;0.329742799;1.051434916;0.5
0.400615391;0.044627052;0.009806655;0.791424127;0.5
0.883248159;4.13E-06;0.524018381;1.242477938;0.5
0.45496853;0.028997399;0.047569261;0.862367798;0.5
0.467604515;0.020445476;0.073798828;0.861410203;0.5
0.143389221;0.513363217;-0.290395025;0.577173466;0.5
0.268922913;0.176538525;-0.123193317;0.661039144;0.5
0.405251373;0.047788471;0.00402636;0.806476385;0.5
0.350031442;0.065767512;-0.023275369;0.723338253;0.5
0.037328837;0.85197259;-0.358656594;0.433314269;0.5
0.639499989;0.003184356;0.219863339;1.05913664;0.5
0.364568966;0.06369481;-0.021172761;0.750310693;0.5
0.609928155;0.001604034;0.237174254;0.982682056;0.5
0.382868062;0.069041995;-0.030434922;0.796171047;0.5
0.311911027;0.086997279;-0.046163196;0.669985251;0.5
0.608982559;0.003065649;0.21104666;1.006918457;0.5
0.571829089;0.005133066;0.175526538;0.968131639;0.5
-0.146732947;0.468805164;-0.547218886;0.253752992;0.5
0.269300807;0.153542426;-0.102281382;0.640882995;0.5
0.429428464;0.03148854;0.038904894;0.819952035;0.5
0.489031714;0.018407667;0.08426183;0.893801599;0.5
0.384145965;0.046764704;0.005609288;0.762682642;0.5
0.592634794;0.002272407;0.217620782;0.967648807;0.5
0.12933634;0.491346094;-0.242259659;0.500932339;0.5
0.380942653;0.074363603;-0.038199207;0.800084514;0.5
0.920735171;3.86E-05;0.497158388;1.344311955;0.5
0.609950158;0.001327055;0.243774539;0.976125777;0.5
0.232692193;0.245577796;-0.162606924;0.627991309;0.5
0.996276545;4.33E-06;0.590208825;1.402344265;0.5
0.258611075;0.192281492;-0.132282205;0.649504355;0.5
0.468221453;0.019891825;0.075692959;0.860749948;0.5
0.603246007;0.000878001;0.254608837;0.951883177;0.5
0.487597022;0.026265044;0.05877012;0.916423924;0.5
0.287493228;0.173587971;-0.128721543;0.703707999;0.5
0.730449098;0.001423759;0.289180052;1.171718144;0.5
0.465240544;0.031008305;0.043375611;0.887105478;0.5
0.255472971;0.204823405;-0.14174854;0.652694481;0.5
0.688674087;0.001112323;0.281949219;1.095398955;0.5
0.267373563;0.195336982;-0.139633967;0.674381093;0.5
0.60435581;0.005787641;0.179411554;1.029300067;0.5
0.867267774;8.56E-05;0.448044702;1.286490847;0.5
0.430615401;0.040236239;0.019565547;0.841665256;0.5
0.364150118;0.061017817;-0.01718864;0.745488877;0.5
0.843249197;0.000151061;0.419230098;1.267268296;0.5
0.125572352;0.513417115;-0.254351796;0.5054965;0.5
0.3957553;0.034384292;0.029708534;0.761802066;0.5
0.41064063;0.052886712;-0.005226398;0.826507658;0.5
0.542297098;0.008930309;0.13909297;0.945501226;0.5
0.3878942;0.060342621;-0.017217964;0.793006363;0.5
0.454476829;0.020298641;0.072245884;0.836707774;0.5
0.792393381;0.000371571;0.366980266;1.217806496;0.5
0.307727726;0.148875771;-0.111995723;0.727451175;0.5
0.541203308;0.005228482;0.165304312;0.917102304;0.5
0.690502891;0.001166943;0.280865718;1.100140063;0.5
0.60489832;0.003049143;0.20982261;0.999974029;0.5
0.37504935;0.069985111;-0.031211516;0.781310215;0.5
0.686051145;0.003161328;0.236512346;1.135589944;0.5
0.37506877;0.060006226;-0.016105078;0.766242617;0.5
0.188301315;0.345727043;-0.206312242;0.582914872;0.5
0.757961766;0.000500162;0.340250147;1.175673385;0.5
0.454968975;0.041440554;0.018012745;0.891925206;0.5
0.692114691;0.000342738;0.322060338;1.062169044;0.5
